ccmaName,ccbaMnm1,longtitude,latitude
국보,서울 숭례문,126.975312652739,37.559975221378
국보,서울 원각사지 십층석탑,126.988207994364,37.5715461695449
국보,서울 북한산 신라 진흥왕 순수비,126.980350241652,37.5240413763397
국보,청자 사자형뚜껑 향로,126.980350241652,37.5240413763397
국보,청자 어룡형 주전자,126.980350241652,37.5240413763397
국보,청자 기린형뚜껑 향로,126.9967,37.5946
국보,청자 상감연지원앙문 정병,127.0182146,37.589116
국보,청자 상감운학문 매병,127.0182146,37.589116
국보,훈민정음,127.0182146,37.589116
국보,"동국정운 권1, 6",127.0182146,37.589116
국보,금동계미명삼존불입상,127.0182146,37.589116
국보,금동삼존불감,127.0182146,37.589116
국보,청자 오리모양 연적,127.0182146,37.589116
국보,금동미륵보살반가사유상(1962-1),126.980350241652,37.5240413763397
국보,경주 구황동 금제여래좌상,126.980350241652,37.5240413763397
국보,경주 구황동 금제여래입상,126.980350241652,37.5240413763397
국보,경주 감산사 석조미륵보살입상,126.980350241652,37.5240413763397
국보,경주 감산사 석조아미타여래입상,126.980350241652,37.5240413763397
국보,금동미륵보살반가사유상(1962-2),126.980350241652,37.5240413763397
국보,금동신묘명삼존불입상,126.9654442,37.5384272
국보,개성 경천사지 십층석탑,126.980350241652,37.5240413763397
국보,평양 석암리 금제 띠고리,126.980350241652,37.5240413763397
국보,경주 부부총 금귀걸이,126.980350241652,37.5240413763397
국보,도기 기마인물형 명기,126.980350241652,37.5240413763397
국보,청동 은입사 포류수금문 정병,126.980350241652,37.5240413763397
국보,백자 철화포도원숭이문 항아리,126.980350241652,37.5240413763397
국보,청자 참외모양 병,126.980350241652,37.5240413763397
국보,청자 투각칠보문뚜껑 향로,126.980350241652,37.5240413763397
국보,청자 구룡형 주전자,126.980350241652,37.5240413763397
국보,청자 음각연화당초문 매병,126.980350241652,37.5240413763397
국보,청자 상감모란문 항아리,126.980350241652,37.5240413763397
국보,김천 갈항사지 동·서 삼층석탑,126.980757030004,37.5221291000299
국보,개성 남계원지 칠층석탑,126.980984368113,37.5223002900538
국보,충주 정토사지 홍법국사탑,126.981360,37.523423
국보,전 원주 흥법사지 염거화상탑,126.980619356019,37.5235137101258
국보,이제현 초상,126.980350241652,37.5240413763397
국보,청자 철화양류문 통형 병,126.980350241652,37.5240413763397
국보,청자 상감모란국화문 참외모양 병,126.980350241652,37.5240413763397
국보,청자 상감당초문 완,126.980350241652,37.5240413763397
국보,청자 상감모란문 표주박모양 주전자,126.980350241652,37.5240413763397
국보,금동미륵보살반가사유상(1964),126.9961867,37.5365283
국보,금동연가7년명여래입상,126.980350241652,37.5240413763397
국보,녹유골호(부석제외함),126.980350241652,37.5240413763397
국보,서울 삼양동 금동관음보살입상,126.980350241652,37.5240413763397
국보,금동보살입상(1968),126.9654442,37.5384272
국보,고려말 화령부 호적 관련 고문서,126.980350241652,37.5240413763397
국보,청자 동화연화문 표주박모양 주전자,126.9961867,37.5365283
국보,금동보살삼존입상,126.9961867,37.5365283
국보,신윤복 필 풍속도 화첩,127.0182146,37.589116
국보,금동 용두보당,126.9961867,37.5365283
국보,대구 비산동 청동기 일괄 - 검 및 칼집 부속,126.9961867,37.5365283
국보,전 고령 금관 및 장신구 일괄,126.9961867,37.5365283
국보,김홍도 필 군선도 병풍,126.9961867,37.5365283
국보,나전 화문 동경,126.9961867,37.5365283
국보,정문경,126.9521283,37.5073799
국보,동국정운,127.0822938,37.5384843
국보,귀면 청동로,126.980350241652,37.5240413763397
국보,전 논산 청동방울 일괄,126.9961867,37.5365283
국보,십칠사찬고금통요 권16,126.95045327355,37.4623506678375
국보,십칠사찬고금통요 권17,127.00303781214,37.4974828311898
국보,"동래선생교정북사상절 권4, 5",127.0182146,37.589116
국보,송조표전총류 권7,126.95045327355,37.4623506678375
국보,조선왕조실록 정족산사고본,126.95045327355,37.4623506678375
국보,조선왕조실록 오대산사고본,126.95045327355,37.4623506678375
국보,조선왕조실록 적상산사고본,126.95045327355,37.4623506678375
국보,비변사등록,126.95045327355,37.4623506678375
국보,일성록,126.95045327355,37.4623506678375
국보,무령왕비 금제 관식,126.980350241652,37.5240413763397
국보,백자 철화매죽문 항아리,126.980350241652,37.5240413763397
국보,청자 인물형 주전자,126.980350241652,37.5240413763397
국보,백자 동화매국문 병,126.980350241652,37.5240413763397
국보,청자 양각죽절문 병,126.9961867,37.5365283
국보,백자 청화매조죽문 유개항아리,126.980350241652,37.5240413763397
국보,청동 은입사 봉황문 합,126.9961867,37.5365283
국보,진양군 영인정씨묘 출토 유물,126.9961867,37.5365283
국보,금동 수정 장식 촛대,126.9961867,37.5365283
국보,백자 상감연화당초문 대접,126.980350241652,37.5240413763397
국보,백자 청화‘홍치2년’명 송죽문 항아리,126.9985492,37.5592488
국보,분청사기 음각어문 편병,126.980350241652,37.5240413763397
국보,분청사기 박지연화어문 편병,126.9183525,37.4810717
국보,김정희 필 세한도,126.980350241652,37.5240413763397
국보,상지은니 묘법연화경,126.980350241652,37.5240413763397
국보,양평 신화리 금동여래입상,126.980350241652,37.5240413763397
국보,황남대총 북분 금관,126.980350241652,37.5240413763397
국보,황남대총 북분 금제 허리띠,126.980350241652,37.5240413763397
국보,경주 98호 남분 유리병 및 잔,126.980350241652,37.5240413763397
국보,황남대총 남분 금목걸이,126.980350241652,37.5240413763397
국보,"신라백지묵서 대방광불화엄경 주본 권1~10, 44~50",126.9961867,37.5365283
국보,보협인석탑,127.002321,37.558205
국보,감지은니 불공견삭신변진언경 권13,126.9961867,37.5365283
국보,백지묵서 묘법연화경,126.9183525,37.4810717
국보,대불정여래밀인수증요의제보살만행수능엄경(언해),126.9985492,37.5592488
국보,금동탑,126.9961867,37.5365283
국보,흥왕사명 청동 은입사 향완,126.9961867,37.5365283
국보,감지은니 대방광불화엄경 정원본 권31,126.9961867,37.5365283
국보,정선 필 인왕제색도,126.9654442,37.5384272
국보,정선 필 금강전도,126.9961867,37.5365283
국보,아미타삼존도,126.9654442,37.5384272
국보,백자 청화매죽문 항아리,126.9961867,37.5365283
국보,청자 상감용봉모란문 합 및 탁,126.9961867,37.5365283
국보,백자 청화매죽문 유개항아리,126.9183525,37.4810717
국보,경복궁 근정전,126.976953,37.578342
국보,경복궁 경회루,126.975569,37.579201
국보,창덕궁 인정전,126.991100008613,37.5793794729159
국보,창경궁 명정전,126.995008,37.578748
국보,종묘 정전,126.993857,37.574782
국보,천상열차분야지도 각석,126.974851135691,37.576571075929
국보,창경궁 자격루 누기,126.9750217,37.565897
국보,전 영암 거푸집 일괄,126.9521283,37.5073799
국보,감지은니 묘법연화경,126.9654442,37.5384272
국보,감지금니 대방광불화엄경보현행원품,126.9654442,37.5384272
국보,송시열 초상,126.980350241652,37.5240413763397
국보,초조본 현양성교론 권11,126.9654442,37.5384272
국보,초조본 신찬일체경원품차록 권20,126.980350241652,37.5240413763397
국보,초조본 대보적경 권59,126.980350241652,37.5240413763397
국보,청자 음각‘효문’명 연화문 매병,126.9961867,37.5365283
국보,청자 양각연화당초상감모란문 은테 발,126.980350241652,37.5240413763397
국보,전 덕산 청동방울 일괄,126.9654442,37.5384272
국보,백자 청화죽문 각병,126.9961867,37.5365283
국보,분청사기 상감운룡문 항아리,126.980350241652,37.5240413763397
국보,분청사기 박지철채모란문 자라병,126.980350241652,37.5240413763397
국보,백자 유개항아리,126.9961867,37.5365283
국보,초조본 대방광불화엄경 주본 권13,126.9793579,37.5729503
국보,"초조본 대방광불화엄경 주본 권2,75",126.9183525,37.4810717
국보,초조본 아비달마식신족론 권12,126.9183525,37.4810717
국보,"초조본 아비담비바사론 권11, 17",126.9183525,37.4810717
국보,초조본 불설최상근본대락금강불공삼매대교왕경 권6,126.9183525,37.4810717
국보,청자 모자원숭이모양 연적,127.0182146,37.589116
국보,초조본 현양성교론 권12,126.980350241652,37.5240413763397
국보,초조본 유가사지론 권32,126.980350241652,37.5240413763397
국보,초조본 유가사지론 권15,126.980350241652,37.5240413763397
국보,성거산 천흥사명 동종,126.980350241652,37.5240413763397
국보,백자 병형 주전자,126.9183525,37.4810717
국보,백자 ‘천’ ‘지’ ‘현’ ‘황‘명 발,126.9654442,37.5384272
국보,용감수경 권3~4,127.0191886,37.5887581
국보,백자 청화철채동채초충문 병,127.0182146,37.589116
국보,승정원일기,126.95045327355,37.4623506678375
국보,삼국유사,126.95045327355,37.4623506678375
국보,백자 달항아리(2007-1),126.9961867,37.5365283
국보,백자 달항아리(2007-2),126.974851135691,37.576571075929
국보,동의보감(2015-1),127.00303781214,37.4974828311898
국보,동의보감(2015-3),126.95045327355,37.4623506678375
보물,서울 흥인지문,127.009658622204,37.5711309760079
보물,옛 보신각 동종,126.980350241652,37.5240413763397
보물,서울 원각사지 대원각사비,126.988634645148,37.5710693985849
보물,사인비구 제작 동종 - 서울 화계사 동종,127.0072993,37.6325695
보물,"용감수경<제3권,4권>",127.0215512,37.588468
보물,서울 문묘 및 성균관<대성전·동무·서무·삼문·명륜당>,126.995994624414,37.5855354277329
보물,서울 동관왕묘,127.018335917946,37.5729670160827
보물,서울 홍제동 오층석탑,126.980990206749,37.5220588823306
보물,사직단 대문,126.968631844562,37.5757020421186
보물,원주 거돈사지 원공국사탑,126.981527249521,37.5234646677992
보물,금동관세음보살입상,126.9765897,37.5862294
보물,서울 북한산 구기동 마애여래좌상,126.9594372,37.62708343
보물,서울 장의사지 당간지주,126.961218781656,37.6027003160317
보물,백자 박산형뚜껑 향로,127.0182146,37.589116
보물,백자 청화투각모란당초문 항아리,126.980350241652,37.5240413763397
보물,청화백자철사진사국화문병,126.9968981,37.5934965
보물,감지은니 묘법연화경 권7(2007),126.980350241652,37.5240413763397
보물,감지금니 묘법연화경 권6,126.980350241652,37.5240413763397
보물,여주 고달사지 쌍사자 석등,126.980965,37.521886
보물,금보,127.0182146,37.589116
보물,금동여래입상(1963),127.0182146,37.589116
보물,금동보살입상(1963-1),127.0182146,37.589116
보물,청자 상감포도동자문 매병,127.0182146,37.589116
보물,분청사기 박지철채화문 병,127.0182146,37.589116
보물,봉은사 청동 은입사 향완,127.0499507,37.5117272
보물,금동약사여래입상,126.980350241652,37.5240413763397
보물,부여 군수리 석조여래좌상,126.9654442,37.5384272
보물,금동미륵보살반가사유상(1963),126.980350241652,37.5240413763397
보물,하남 하사창동 철조석가여래좌상,126.980350241652,37.5240413763397
보물,금동보살입상(1963-2),126.980350241652,37.5240413763397
보물,금령총 금관,126.980350241652,37.5240413763397
보물,청자 철채퇴화삼엽문 매병,126.980350241652,37.5240413763397
보물,청자상감모란문표형병,126.9765897,37.5862294
보물,청자 음각모란 상감보자기문 유개매병,126.980350241652,37.5240413763397
보물,부여 외리 문양전 일괄,126.980350241652,37.5240413763397
보물,청자 양각갈대기러기문 정병,126.980350241652,37.5240413763397
보물,백자 상감모란문 매병,126.980350241652,37.5240413763397
보물,청자 상감동채모란문 매병,126.980350241652,37.5240413763397
보물,분청사기 상감어문 매병,126.980350241652,37.5240413763397
보물,분청사기 상감모란문 반합,127.0182146,37.589116
보물,청자 상감국화모란당초문 모자합,127.0182146,37.589116
보물,전 양평 보리사지 대경대사탑,126.948715,37.562919
보물,원주 영전사지 보제존자탑,126.981483861611,37.5221378066171
보물,충주 정토사지 홍법국사탑비,126.981360,37.523423
보물,제천 월광사지 원랑선사탑비,126.980350241652,37.5240413763397
보물,양평 보리사지 대경대사탑비,126.981052335342,37.5235223189726
보물,창원 봉림사지 진경대사탑,126.980713048791,37.5235084807169
보물,창원 봉림사지 진경대사탑비,126.980350241652,37.5240413763397
보물,원주 흥법사지 진공대사탑 및 석관,126.981148488026,37.5234823335636
보물,창덕궁 돈화문,126.989943141531,37.5778538303159
보물,창경궁 홍화문,126.996264,37.578801
보물,창경궁 명정문 및 행각,126.995712,37.578769
보물,창경궁 옥천교,126.996119283008,37.5788318414401
보물,부산진순절도,127.1033319,37.6272187
보물,동래부순절도,127.1033319,37.6272187
보물,홍무정운역훈 권3~16,127.0326858,37.5891997
보물,삼국유사 권2,126.9979403,37.5640907
보물,삼국유사 권3~5,127.0326858,37.5891997
보물,삼국유사<권1-5>,126.934949,37.4749615
보물,청자 구룡형 주전자,126.980350241652,37.5240413763397
보물,도기 녹유 탁잔,126.980350241652,37.5240413763397
보물,경주 노서동 금팔찌,126.980350241652,37.5240413763397
보물,경주 노서동 금귀걸이,126.980350241652,37.5240413763397
보물,경주 노서동 금목걸이,126.980350241652,37.5240413763397
보물,이이 남매 화회문기,127.0822938,37.5384843
보물,숙신옹주 가옥허여문기,126.980350241652,37.5240413763397
보물,강세황 필 도산서원도,126.980350241652,37.5240413763397
보물,"석보상절 권6, 9, 13, 19",127.0033766,37.4973544
보물,"석보상절 권23, 24",126.9985492,37.5592488
보물,석보상절 권11,126.9654442,37.5384272
보물,김홍도 필 풍속도 화첩,126.980350241652,37.5240413763397
보물,도기 배모양 명기,126.9961867,37.5365283
보물,도기 신발모양 명기,126.9961867,37.5365283
보물,금귀걸이,126.9961867,37.5365283
보물,청자 상감운학모란국화문 매병,126.9961867,37.5365283
보물,채화칠기,126.9654442,37.5384272
보물,청동 진솔선예백장 인장,126.9654442,37.5384272
보물,금영 측우기,126.9173096,37.4937495
보물,윤봉길의사 유품(1972-1),126.980350241652,37.5240413763397
보물,안중근의사 유묵 - 일일부독서구중생형극,126.9985492,37.5592488
보물,안중근의사 유묵 - 연년세세화상사세세연년인부동,126.9654442,37.5384272
보물,안중근의사 유묵 - 치악의악식자부족여의,126.9765897,37.5862294
보물,안중근의사 유묵 - 동양대세사묘현유지남아기안면화국미성유강계정략부개진가련,126.9521283,37.5073799
보물,안중근의사 유묵 - 용공난용연포기재,126.980350241652,37.5240413763397
보물,안중근의사 유묵 - 인무원려난성대업,126.9521283,37.5073799
보물,안중근의사 유묵 - 세한연후지송백지부조,126.970428789102,37.5701486421235
보물,안중근의사 유묵 - 장부수사심여철의사임위기사운,126.9521283,37.5073799
보물,안중근의사 유묵 - 박학어문약지이례,126.970428789102,37.5701486421235
보물,안중근의사 유묵 - 제일강산,126.9521283,37.5073799
보물,안중근의사 유묵 - 인지당,126.9654442,37.5384272
보물,안중근의사 유묵 - 극락,126.970428789102,37.5701486421235
보물,안중근의사 유묵 - 운재,126.970428789102,37.5701486421235
보물,안중근의사 유묵 - 국가안위노심초사,126.970428789102,37.5701486421235
보물,안중근의사 유묵 - 위국헌신군인본분,126.970428789102,37.5701486421235
보물,안중근의사 유묵 - 언충신행독경만방가행,126.970428789102,37.5701486421235
보물,전 고령 일괄 유물,126.9961867,37.5365283
보물,분청사기 상감‘정통5년’명 어문 반형 묘지,126.9961867,37.5365283
보물,괴산 외사리 승탑,126.99708250274,37.5943073361662
보물,문경 오층석탑,126.99708250274,37.5943073361662
보물,강민첨 초상,126.980350241652,37.5240413763397
보물,강현 초상,126.980350241652,37.5240413763397
보물,강세황 초상,126.980350241652,37.5240413763397
보물,허목 전서 함취당,127.0345189,37.5893941
보물,이상좌 불화첩,126.9654442,37.5384272
보물,황남대총 북분 유리잔,126.980350241652,37.5240413763397
보물,황남대총 북분 은잔,126.980350241652,37.5240413763397
보물,황남대총 남분 금제 허리띠,126.980350241652,37.5240413763397
보물,황남대총 남분 금제 관식,126.980350241652,37.5240413763397
보물,승자총통,126.980350241652,37.5240413763397
보물,서울 삼천사지 마애여래입상,126.95284078379,37.6424553125899
보물,불정심관세음보살대다라니경(1981),126.980350241652,37.5240413763397
보물,묘법연화경 권7(1981-2),126.9654442,37.5384272
보물,묘법연화경(1981),126.9654442,37.5384272
보물,불조삼경(1981-1),126.9654442,37.5384272
보물,불조삼경(1981-2),126.9654442,37.5384272
보물,대불정여래밀인수증요의제보살만행수능엄경 권6~10(1981-1),126.9654442,37.5384272
보물,불설장수멸죄호제동자경,126.9654442,37.5384272
보물,불설대보부모은중경(1981),126.9654442,37.5384272
보물,중용주자혹문(1981-1),127.0191886,37.5887581
보물,"동인지문사육 권1~3, 4~6, 10~12, 13~15",127.0191886,37.5887581
보물,동인지문사육 권1~6,127.0191886,37.5887581
보물,동인지문사육 권10~12,127.00303781214,37.4974828311898
보물,동인지문사육 권7~9(1981),127.0191886,37.5887581
보물,동인지문46<권1∼6>,127.0191886,37.5887581
보물,동인지문46<권10∼12>,127.0033766,37.4973544
보물,동인지문46<권13∼15>,126.9749152,37.5636919
보물,동인지문46<권7∼9>,127.0191886,37.5887581
보물,원각류해 권3,126.9985492,37.5592488
보물,금강반야경소론찬요조현록(1981),126.9985492,37.5592488
보물,금강반야바라밀경,126.9985492,37.5592488
보물,정명경집해관중소 권3~4,126.9367789,37.5791158
보물,감지은니 보살선계경 권8,126.9985492,37.5592488
보물,전 대구 동화사 비로암 삼층석탑 납석사리호,126.9985492,37.5592488
보물,삼존불비상,126.9985492,37.5592488
보물,정조 필 파초도,126.9985492,37.5592488
보물,정조 필 국화도,126.9985492,37.5592488
보물,월인석보 권1~2,126.9392612,37.551191
보물,"월인석보 권7, 8",126.9985492,37.5592488
보물,"월인석보 권9, 10",126.974851135691,37.576571075929
보물,"월인석보 권13, 14",126.9384179,37.5655342
보물,월인석보 권21,126.9654442,37.5384272
보물,월인석보 권22,126.9793579,37.5729503
보물,월인석보 권23,126.9793579,37.5729503
보물,월인석보 권20,126.974851135691,37.576571075929
보물,서울 경국사 목각아미타여래설법상,127.0182146,37.589116
보물,감지은니 대방광불화엄경 정원본 권34,126.9183525,37.4810717
보물,감지금니 대방광불화엄경입불사의해탈경계보현행원품,126.9183525,37.4810717
보물,상지금니 대방광원각수다라요의경,126.9183525,37.4810717
보물,감지은니 대방광불화엄경 주본 권37,126.9183525,37.4810717
보물,감지은니 대방광불화엄경 주본 권5~6,126.9183525,37.4810717
보물,감지금니 대불정여래밀인수증요의제보살만행수능엄경 권7,126.9183525,37.4810717
보물,남명천화상송증도가(1984),126.9793579,37.5729503
보물,대불정여래밀인수증요의제보살만행수능엄경(1984),126.980350241652,37.5240413763397
보물,"대불정여래밀인수증요의제보살만행수능엄경(언해) 권2, 5",126.952103133088,37.4593849410505
보물,"대불정여래밀인수증요의제보살만행수능엄경(언해) 권7, 8",126.9985492,37.5592488
보물,"대불정여래밀인수증요의제보살만행수능엄경(언해) 권7,8,9,10",127.0434707,37.5905477
보물,대불정여래밀인수증요의제보살만행수능엄경(언해),126.95045327355,37.4623506678375
보물,몽산화상법어약록(언해)(1984-3),127.0400189,37.5743682
보물,목우자수심결(언해)(1984),126.95045327355,37.4623506678375
보물,반야바라밀다심경약소(언해),126.95045327355,37.4623506678375
보물,"금강경삼가해 권1, 5",127.0434707,37.5905477
보물,"금강경삼가해 권2, 3, 4, 5",126.95045327355,37.4623506678375
보물,선종영가집(언해)(1984),126.9985492,37.5592488
보물,환두대도,126.9654442,37.5384272
보물,금동 자물쇠 일괄,126.9961867,37.5365283
보물,청동 은입사 포류수금문 향완,126.9961867,37.5365283
보물,금동여래입상(1984),126.9961867,37.5365283
보물,금동보살입상(1984),126.9961867,37.5365283
보물,금동용두토수,126.9961867,37.5365283
보물,김홍도 필 병진년 화첩,126.9961867,37.5365283
보물,김시 필 동자견려도,126.9961867,37.5365283
보물,지장도,126.9961867,37.5365283
보물,백자 청화운룡문 병(1984-1),126.9654442,37.5384272
보물,분청사기 철화어문 항아리,126.9961867,37.5365283
보물,백자 청화잉어문 항아리,126.9961867,37.5365283
보물,청자 쌍사자형 베개,126.9654442,37.5384272
보물,백자 반합,126.9183525,37.4810717
보물,백자 상감모란문 병,126.9183525,37.4810717
보물,금동탄생불입상,126.9183525,37.4810717
보물,경복궁 자경전,126.978080939393,37.5803189272242
보물,경복궁 자경전 십장생굴뚝,126.978108635419,37.5804666271064
보물,경복궁 아미산 굴뚝,126.976924,37.580105
보물,경복궁 근정문 및 행각,126.976910,37.577595
보물,창덕궁 인정문,126.991158,37.578691
보물,창덕궁 선정전,126.991697,37.579504
보물,창덕궁 희정당,126.992224,37.579557
보물,창덕궁 대조전,126.992345,37.580006
보물,창덕궁 선원전,126.990135983938,37.5796338666241
보물,창경궁 통명전,126.993716,37.579523
보물,덕수궁 중화전 및 중화문,126.974735,37.565468
보물,덕수궁 함녕전,126.975873,37.565806
보물,종묘 영녕전,126.992656,37.575844
보물,복각천상열차분야지도 각석,126.974851135691,37.576571075929
보물,서울 청계천 수표,127.04385202356,37.5906146928496
보물,신법 지평일구(1985-1),126.974851135691,37.576571075929
보물,신법 지평일구(1985-2),126.974851135691,37.576571075929
보물,간평일구·혼개일구,126.974851135691,37.576571075929
보물,대구 선화당 측우대,126.9173096,37.4937495
보물,관상감 측우대,126.9173096,37.4937495
보물,창덕궁 측우대,126.974851135691,37.576571075929
보물,앙부일구,126.974851135691,37.576571075929
보물,창경궁 풍기대,126.994527798623,37.5799879805638
보물,경복궁 풍기대,126.976951628204,37.5806222344796
보물,곤여만국전도,126.952266653569,37.464530488163
보물,대동여지도(1985),127.0212051,37.5922154
보물,대동여지도(2002),126.970428789102,37.5701486421235
보물,대동여지도(2008),126.95045327355,37.4623506678375
보물,창경궁 관천대,126.994938137596,37.5774924119084
보물,휴대용 앙부일구,126.980350241652,37.5240413763397
보물,수선전도 목판,127.0191316,37.5888032
보물,세총통,127.0905897,37.6233586
보물,차승자총통,126.952266653569,37.464530488163
보물,소총통,126.974851135691,37.576571075929
보물,비격진천뢰,126.974851135691,37.576571075929
보물,금고,127.0905897,37.6233586
보물,민간 목활자 및 인쇄용구,127.00303781214,37.4974828311898
보물,이기룡 필 남지기로회도,126.952266653569,37.464530488163
보물,독서당계회도,126.952266653569,37.464530488163
보물,성세창 제시 미원계회도,126.980350241652,37.5240413763397
보물,성세창 제시 하관계회도,126.980350241652,37.5240413763397
보물,호조낭관계회도,126.980350241652,37.5240413763397
보물,연정계회도,126.980350241652,37.5240413763397
보물,금강반야바라밀경(1986),126.9793579,37.5729503
보물,곤여전도 목판,126.952266653569,37.464530488163
보물,지구의,126.9521283,37.5073799
보물,황자총통,126.980350241652,37.5240413763397
보물,감지금니 대반야바라밀다경 권175,126.9654442,37.5384272
보물,조흡 고신왕지(1986-1),126.980350241652,37.5240413763397
보물,청자 상감매죽학문 매병(1986),126.980350241652,37.5240413763397
보물,고대 그리스 청동 투구,126.980350241652,37.5240413763397
보물,남양주 봉인사 부도암지 사리탑 및 사리장엄구,126.980350241652,37.5240413763397
보물,기사계첩,126.980350241652,37.5240413763397
보물,영조어진,126.974851135691,37.576571075929
보물,예념미타도량참법,126.980350241652,37.5240413763397
보물,묘법연화경 권5~7(1988-1),126.980350241652,37.5240413763397
보물,상설고문진보대전전집 권7~8,126.980350241652,37.5240413763397
보물,묘법연화경 권3,126.9654442,37.5384272
보물,재조본 유가사지론 권64,126.980350241652,37.5240413763397
보물,"대방광원각수다라요의경(언해) 권상1의1, 2의1~3, 권하1의1~2, 2의2~3",126.980350241652,37.5240413763397
보물,묘법연화경 권5~7(1988-2),126.980350241652,37.5240413763397
보물,재조본 유가사지론 권55,126.980350241652,37.5240413763397
보물,"대불정여래밀인수증요의제보살만행수능엄경(언해) 권4, 7, 8",126.970428789102,37.5701486421235
보물,금강반야바라밀경(1988),126.970428789102,37.5701486421235
보물,삼십분공덕소경,126.970428789102,37.5701486421235
보물,상지은니 묘법연화경 권5~6,126.980350241652,37.5240413763397
보물,서울 승가사 석조승가대사좌상,126.959868538,37.6269881504
보물,능성 쌍봉사 감역교지,126.9985492,37.5592488
보물,청자 상감동채연화당초용문 병,126.9183525,37.4810717
보물,청자 음각‘상약국’명 운룡문 합,126.980350241652,37.5240413763397
보물,청자 복숭아모양 연적,126.9961867,37.5365283
보물,청자 구룡형뚜껑 향로,126.9961867,37.5365283
보물,청자 음각연화당초문 항아리,126.9961867,37.5365283
보물,청자 양각연지어문 화형 접시,126.9654442,37.5384272
보물,청자 음각운문 병,126.9654442,37.5384272
보물,청자 상감앵무문 표주박모양 주전자,126.9654442,37.5384272
보물,청자 음각국화당초문 완,126.9654442,37.5384272
보물,청자 철채양각연판문 병,126.9654442,37.5384272
보물,청자 상감모란문 발우 및 접시,126.9654442,37.5384272
보물,신해생갑회지도,126.980350241652,37.5240413763397
보물,화개현구장도,126.980350241652,37.5240413763397
보물,금동대세지보살좌상,126.9183525,37.4810717
보물,지장시왕도(1990),126.9183525,37.4810717
보물,백자 병,126.980350241652,37.5240413763397
보물,백자 태항아리,126.9183525,37.4810717
보물,백자 청화철화삼산뇌문 산뢰,126.9961867,37.5365283
보물,백자 청화 ‘망우대’명 초충문 접시,126.9961867,37.5365283
보물,백자 청화칠보난초문 병,126.980350241652,37.5240413763397
보물,백자 청화초화문 필통,126.9961867,37.5365283
보물,백자 철화끈무늬 병,126.980350241652,37.5240413763397
보물,백자 철채 뿔잔,126.980350241652,37.5240413763397
보물,분청사기 철화당초문 장군,126.9183525,37.4810717
보물,백자 청화운룡문 항아리,126.9654442,37.5384272
보물,백자 청화화조문 팔각통형 병,126.9654442,37.5384272
보물,분청사기 상감연화당초문 병,126.980350241652,37.5240413763397
보물,분청사기 상감모란당초문 유개항아리,126.9183525,37.4810717
보물,분청사기 음각수조문 편병,126.9961867,37.5365283
보물,분청사기 박지모란문 장군,126.9961867,37.5365283
보물,청자 유개항아리,126.9183525,37.4810717
보물,초조본 불설우바새오계상경,126.9183525,37.4810717
보물,초조본 아비담팔건도론 권24,126.9183525,37.4810717
보물,초조본 아비달마식신족론 권13,126.9183525,37.4810717
보물,초조본 아비담비바사론 권16,126.9183525,37.4810717
보물,김천리 개국원종공신녹권,126.9793579,37.5729503
보물,"근사록 권1~3, 9~14",126.9654074,37.5452662
보물,근사록(2006),126.974851135691,37.576571075929
보물,한호 필적 - 석봉진적첩,126.980350241652,37.5240413763397
보물,한호 필적 - 석봉한호해서첩,126.970428789102,37.5701486421235
보물,홍무예제,126.980350241652,37.5240413763397
보물,대방광원각약소주경 권상(1991),126.980350241652,37.5240413763397
보물,묘법연화경(1991),126.980350241652,37.5240413763397
보물,금강반야바라밀경(1991),126.980350241652,37.5240413763397
보물,대방광불화엄경 정원본 권20,126.980350241652,37.5240413763397
보물,안중근의사유묵,127.0050436,37.5444346
보물,동의보감,126.9516133,37.4784063
보물,벽역신방,126.95045327355,37.4623506678375
보물,신찬벽온방(1991-1),126.95045327355,37.4623506678375
보물,신찬벽온방(2006),126.851048561708,37.5678569845314
보물,동인지문오칠 권7~9,126.9793579,37.5729503
보물,권근 응제시주(1991),126.9793579,37.5729503
보물,불과환오선사벽암록,126.9793579,37.5729503
보물,염제신 초상,126.980350241652,37.5240413763397
보물,감지은니 미륵삼부경,126.9183525,37.4810717
보물,감지금니 미륵하생경,126.9183525,37.4810717
보물,상지은니 불설보우경 권2,126.9183525,37.4810717
보물,상지은니 대반야바라밀다경 권305,126.9183525,37.4810717
보물,상지은니 대지도론 권28,126.9183525,37.4810717
보물,감지은니 대방광불화엄경 진본 권13,126.9183525,37.4810717
보물,지장보살본원경(1991),126.9183525,37.4810717
보물,수륙무차평등재의촬요,126.9183525,37.4810717
보물,"대방광불화엄경소 권84, 100, 117",126.9183525,37.4810717
보물,묘법연화경 권5~7(1991),126.9183525,37.4810717
보물,불정심다라니경,126.9183525,37.4810717
보물,창경궁 팔각칠층석탑,126.994459581892,37.5821333093361
보물,대방광불화엄경소 권30,126.980350241652,37.5240413763397
보물,불설대보부모은중경(1992),126.980350241652,37.5240413763397
보물,대방광불화엄경보현행원품별행소,126.980350241652,37.5240413763397
보물,천노해 금강반야바라밀경,126.980350241652,37.5240413763397
보물,상지은니 대방광불화엄경 정원본 권4,126.980350241652,37.5240413763397
보물,감지금니 묘법연화경 권7,126.980350241652,37.5240413763397
보물,백지묵서 묘법연화경 권7,126.980350241652,37.5240413763397
보물,묘법연화경(언해) 권3,126.980350241652,37.5240413763397
보물,안중근의사유묵,126.9801625,37.5536988
보물,재조본 경률이상 권8,126.980350241652,37.5240413763397
보물,성리대전서절요(1993),126.9831944,37.522627
보물,고금운회거요 권27~30,126.980350241652,37.5240413763397
보물,음주전문춘추괄례시말좌전구독직해 권62~70,126.980350241652,37.5240413763397
보물,진충귀 개국원종공신녹권,126.980350241652,37.5240413763397
보물,진충귀 고신왕지,126.980350241652,37.5240413763397
보물,선종영가집(언해) 권하,126.974851135691,37.576571075929
보물,여주 출토 동종,126.980350241652,37.5240413763397
보물,청자 상감매죽학문 매병(1993),126.980350241652,37.5240413763397
보물,백자 태항아리 및 태지석(1993),126.9183525,37.4810717
보물,상교정본 자비도량참법 권1~3,126.9183525,37.4810717
보물,대방광원각약소주경 권하의2,126.9183525,37.4810717
보물,오자치 초상,126.974851135691,37.576571075929
보물,상교정본 자비도량참법 권6～10,126.974851135691,37.576571075929
보물,유숙 필 매화도,126.9654442,37.5384272
보물,의겸 등 필 수월관음도,126.9793579,37.5729503
보물,청량산 괘불탱,126.9793579,37.5729503
보물,조흡 고신왕지(1995),127.0905897,37.6233586
보물,청자 음각용문 주전자,126.9654442,37.5384272
보물,분청사기 음각연화문 편병,126.9654442,37.5384272
보물,백자 철화운죽문 항아리,126.9654442,37.5384272
보물,구급간이방 권6(2006),126.851048561708,37.5678569845314
보물,백범일지1929년(상권)1943년(하권),126.9654442,37.5384272
보물,대불정여래밀인수증요의제보살만행수능엄경 권1~4,126.9183525,37.4810717
보물,대악후보,127.015233,37.4810478
보물,선종영가집(1999),126.970428789102,37.5701486421235
보물,함창 상원사 사불회탱,126.980350241652,37.5240413763397
보물,석조지장보살좌상,126.980350241652,37.5240413763397
보물,기영회도,126.980350241652,37.5240413763397
보물,백자 청화소상팔경문 팔각연적,126.980350241652,37.5240413763397
보물,초조본 아비달마계신족론 권하,126.970428789102,37.5701486421235
보물,초조본 현양성교론 권3,126.970428789102,37.5701486421235
보물,동여도(2002),126.970428789102,37.5701486421235
보물,동여도(2008),126.95045327355,37.4623506678375
보물,감은사지 동 삼층석탑 사리장엄구,126.980350241652,37.5240413763397
보물,청자 상감‘신축’명 국화모란문 벼루,126.9961867,37.5365283
보물,청자 철화초충조문 매병,126.9961867,37.5365283
보물,청자 상감유로매죽문 편병,126.9961867,37.5365283
보물,청자 양각운룡문 매병,126.9961867,37.5365283
보물,청자 상감어룡문 매병,126.9961867,37.5365283
보물,분청사기 철화모란문 장군,126.9961867,37.5365283
보물,분청사기 박지연화문 편병,126.9961867,37.5365283
보물,청자 상감‘장진주’시명 매죽양류문 매병,126.9961867,37.5365283
보물,백자 청화동정추월문 항아리,126.9961867,37.5365283
보물,이암 필 화조구자도,126.9961867,37.5365283
보물,김홍도 필 추성부도,126.9654442,37.5384272
보물,경기감영도 병풍,126.9654442,37.5384272
보물,영국사 영산회 후불탱,126.9793579,37.5729503
보물,봉사조선창화시권,126.980350241652,37.5240413763397
보물,비해당 소상팔경시첩,126.980350241652,37.5240413763397
보물,삼현수간,126.9654442,37.5384272
보물,청자 상감모란양류문 주전자 및 승반,126.9961867,37.5365283
보물,청자 퇴화화문 주전자 및 승반,126.9654442,37.5384272
보물,분청사기 상감모란문 항아리,126.9961867,37.5365283
보물,분청사기 인화점문 장군,126.9961867,37.5365283
보물,백자대호,126.9961867,37.5365283
보물,백자 철화매죽문 항아리,126.9961867,37.5365283
보물,분청사기 상감‘정통13년’명 묘지 및 분청사기 일괄,126.9654442,37.5384272
보물,화성행행도 병풍,126.9654442,37.5384272
보물,정사신 참석 계회도 일괄,126.9654442,37.5384272
보물,백자 달항아리(2005-1),126.980350241652,37.5240413763397
보물,백자 달항아리(2005-3),126.9367526,37.5206508
보물,일월반도도 병풍,126.974851135691,37.576571075929
보물,왕세자탄강진하도 병풍,126.974851135691,37.576571075929
보물,은입사 귀면문 철퇴,126.974851135691,37.576571075929
보물,청자 상감화조문 도판,126.9654442,37.5384272
보물,백자 청화보상당초문 항아리,126.9654442,37.5384272
보물,청자 상감운학국화문 병형 주전자,126.9516133,37.4784063
보물,청자 상감‘덕천’명 연화양류문 매병,126.9516133,37.4784063
보물,청자 주전자,126.9516133,37.4784063
보물,청자 음각연화문 팔각장경병,126.9516133,37.4784063
보물,분청사기 상감파도어문 병,126.9516133,37.4784063
보물,분청사기 박지태극문 편병,126.9516133,37.4784063
보물,백자 사각발형 제기,126.9516133,37.4784063
보물,백자 청화철화‘시’명나비문 팔각연적,126.9516133,37.4784063
보물,해동조계복암화상잡저,126.974851135691,37.576571075929
보물,흥천사명 동종,126.9750217,37.565897
보물,서울 인조별서 유기비,126.916619561156,37.6087288095341
보물,"용비어천가 권3, 4",126.970428789102,37.5701486421235
보물,용비어천가 권1~2,126.95045327355,37.4623506678375
보물,"용비어천가 권1~2, 7~8",127.0326858,37.5891997
보물,마천목 좌명공신녹권,126.974851135691,37.576571075929
보물,경주이씨 양월문중 고문서 및 향안 - 이지대 왕지,126.970428789102,37.5701486421235
보물,조씨삼형제 초상,126.97893755809,37.5815195118825
보물,이채 초상,126.980350241652,37.5240413763397
보물,남구만 초상,126.980350241652,37.5240413763397
보물,강이오 초상,126.980350241652,37.5240413763397
보물,이광사 초상,126.980350241652,37.5240413763397
보물,서직수 초상,126.980350241652,37.5240413763397
보물,이성윤 초상,126.974851135691,37.576571075929
보물,연잉군 초상,126.974851135691,37.576571075929
보물,철종어진,126.974851135691,37.576571075929
보물,오재순 초상,126.9989795,37.5386162
보물,윤급 초상,126.980350241652,37.5240413763397
보물,"이하응 초상 일괄 - 흑단령포본, 금관조복본, 와룡관학창의본, 흑건청포본, 복건심의본",126.970428789102,37.5701486421235
보물,이하응 초상 일괄 - 금관조복본,126.980350241652,37.5240413763397
보물,김이안 초상,126.9394838,37.5646597
보물,임장 초상,126.9394838,37.5646597
보물,유언호 초상,126.95045327355,37.4623506678375
보물,서울 이윤탁 한글영비,127.076754,37.645436
보물,초조본 사두간진일태자이십팔수경,126.9384179,37.5655342
보물,초조본 잡아비담심론 권9,126.9384179,37.5655342
보물,초조본 수용삼수요행법,126.9394838,37.5646597
보물,영조 기로연·수작연도 병풍,126.970428789102,37.5701486421235
보물,서북피아양계만리일람지도(2007),127.00303781214,37.4974828311898
보물,서북피아양계만리일람지도(2008),126.95045327355,37.4623506678375
보물,동국대지도,126.980350241652,37.5240413763397
보물,봉래유묵,126.9394838,37.5646597
보물,청자 표주박모양 주전자,126.9183525,37.4810717
보물,분청사기 상감모란양류문 병,126.9183525,37.4810717
보물,요계관방지도,126.95045327355,37.4623506678375
보물,도성도,126.95045327355,37.4623506678375
보물,지장보살본원경(2008),126.974851135691,37.576571075929
보물,서울 수국사 목조아미타여래좌상 및 복장유물,126.9050734,37.6158827
보물,대동여지도 목판,126.980350241652,37.5240413763397
보물,청구관해방총도,126.980350241652,37.5240413763397
보물,함경도전도,126.95045327355,37.4623506678375
보물,해서지도,126.95045327355,37.4623506678375
보물,영남지도,126.95045327355,37.4623506678375
보물,전주지도,126.95045327355,37.4623506678375
보물,조선지도,126.95045327355,37.4623506678375
보물,호남지도,126.95045327355,37.4623506678375
보물,호서지도,126.95045327355,37.4623506678375
보물,화동고지도,126.95045327355,37.4623506678375
보물,해동지도,126.95045327355,37.4623506678375
보물,여지도,126.95045327355,37.4623506678375
보물,해동여지도,127.00303781214,37.4974828311898
보물,청구도(2008-1),127.00303781214,37.4974828311898
보물,청구도(2008-3),127.0326858,37.5891997
보물,목장지도(2008-1),127.00303781214,37.4974828311898
보물,천하여지도,126.970428789102,37.5701486421235
보물,조선팔도고금총람도,126.970428789102,37.5701486421235
보물,대불정여래밀인수증요의제보살만행수능엄경(2009),126.970428789102,37.5701486421235
보물,서울 지장암 목조비로자나불좌상,127.0088267,37.5776039
보물,양사언 초서,126.9392612,37.551191
보물,김현성 필적,126.974851135691,37.576571075929
보물,효종어필 칠언시,126.980350241652,37.5240413763397
보물,정조어필 - 제문상정사,126.980350241652,37.5240413763397
보물,서울 개운사 목조아미타여래좌상 및 발원문,127.028227,37.5874076
보물,서울 개운사 목조아미타여래좌상 복장전적,126.9831981,37.5736573
보물,이형 좌명원종공신녹권 및 함,126.974851135691,37.576571075929
보물,대혜보각선사서,126.974851135691,37.576571075929
보물,"대승기신론의기 권상, 하",126.974851135691,37.576571075929
보물,상지은니 대방광불화엄경 주본 권4,127.0285116,37.5228473
보물,윤순거 초서 무이구곡가,126.980350241652,37.5240413763397
보물,윤순 필적 고시서축,126.980350241652,37.5240413763397
보물,이광사 필적 원교법첩,126.980350241652,37.5240413763397
보물,이인상 전서 원령필,126.980350241652,37.5240413763397
보물,이한진 전예 경산전팔쌍절첩,126.974851135691,37.576571075929
보물,김정희 예서대련 호고연경,126.9979403,37.5640907
보물,서울 살곶이 다리,127.046604,37.553098
보물,서울 관상감 관천대,126.987997049354,37.5777602149146
보물,경복궁 사정전,126.977000,37.578939
보물,경복궁 수정전,126.975938293182,37.5789812171755
보물,경복궁 향원정,126.977071,37.581968
보물,창덕궁 금천교,126.990051738202,37.5784730415323
보물,창덕궁 부용정,126.993202,37.581592
보물,창덕궁 낙선재,126.993464129248,37.5787427587353
보물,창덕궁 주합루,126.992737,37.581925
보물,창덕궁 연경당,126.992332,37.583179
보물,서울 태종 헌릉 신도비,127.083725,37.465396
보물,서울 세종 영릉 신도비,127.043238,37.590032
보물,서울 옥천암 마애보살좌상,126.953554315741,37.5969977389022
보물,서울 보타사 마애보살좌상,127.031065463457,37.5911333285096
보물,봉화 태자사 낭공대사탑비,126.980650,37.524049
보물,서울 창의문,126.966472,37.592611
사적,서울 한양도성,126.984784033272,37.5765490751675
사적,서울 풍납동 토성,127.115877984587,37.5339393850176
사적,서울 독립문,126.959456408281,37.5725398143779
사적,서울 영은문 주초,126.959625665764,37.5722516381974
사적,서울 선잠단지,126.999381382042,37.5937302493451
사적,서울 삼전도비,127.101642107994,37.5105228533931
사적,성저오리정계석표,127.0571962,37.2078717
사적,경복궁,126.976859,37.576919
사적,사직단,126.967669,37.575610
사적,창덕궁,126.989912,37.577838
사적,창경궁,126.996340,37.578815
사적,덕수궁,126.976515,37.564998
사적,종묘,126.994582,37.572088
사적,서울 문묘와 성균관,126.995808075783,37.5856827719265
사적,서울 육상궁,126.973552880695,37.5854666076392
사적,환구단,126.97979529401,37.5649655375083
사적,서울 살곶이 다리,127.0453,37.5541328
사적,서울 고종 어극 40년 칭경기념비,126.977529730215,37.570496064582
사적,서울 헌릉과 인릉,127.080951,37.464186
사적,서울 선릉과 정릉,127.051892,37.507147
사적,서울 태릉과 강릉,127.097547,37.630193
사적,서울 의릉,127.058654,37.604350
사적,서울 정릉,127.007535,37.601256
사적,서울 우정총국,126.982594329839,37.5744244771195
사적,북한산 진흥왕 순수비지,126.956042392717,37.6254676606517
사적,아차산성,127.106032322071,37.5549631554831
사적,서울 경모궁지,126.999624074149,37.5804752681551
사적,서울 석촌동 고분군,127.102248970131,37.5025339436621
사적,서울 남현동 요지,126.979659660875,37.4748844236478
사적,서울 대한의원,126.999186,37.57826499
사적,서울 약현성당,126.967480505024,37.5591526477785
사적,서울 구 러시아공사관,126.971690856038,37.5681607128465
사적,서울 구 벨기에영사관,126.979465760555,37.4760467732251
사적,용산신학교와원효로성당,126.9540164,37.5343001
사적,서울 정동교회,126.972734548785,37.5653934646879
사적,서울 운현궁,126.987475035851,37.576004136449
사적,서울 명동성당,126.98730762836,37.5632511943809
사적,서울 암사동 유적,127.1306621149,37.56098674566
사적,서울 방이동 고분군,127.118688423505,37.5078198507299
사적,경희궁지,126.968818725918,37.5707798850944
사적,서울 연세대학교 스팀슨관,126.938203679064,37.5660609176154
사적,서울 연세대학교 언더우드관,126.938743911589,37.5663918411666
사적,서울 연세대학교 아펜젤러관,126.939014139151,37.5658947905471
사적,구 서울대학교 본관,127.002929786395,37.5799185218194
사적,구 공업전습소 본관,127.002660989144,37.5784620816979
사적,서울 한국은행 본관,126.980450146417,37.562059259005
사적,서울 중앙고등학교 본관,126.986855862395,37.5840039610972
사적,서울 중앙고등학교 서관,126.986530713738,37.5843401983622
사적,서울 중앙고등학교 동관,126.987101641092,37.5843868003825
사적,구 서울역사,126.971559,37.555848
사적,서울 고려대학교 본관,127.032347087462,37.5895008348175
사적,서울 고려대학교 중앙도서관,127.033248053909,37.5900105569418
사적,서울 관상감 관천대,126.9880061,37.5780484
사적,서울 몽촌토성,127.121697275537,37.5211970910049
사적,서울 구 서대문형무소,126.955941372801,37.5742823912887
사적,서울 효창공원,126.960800237787,37.5450334959543
사적,서울 호암산성,126.921545411228,37.4446077086108
사적,서울 탑골공원,126.988315420159,37.5711747002882
사적,서울 영휘원과 숭인원,127.044183093754,37.5890223628959
사적,서울 연산군묘,127.022122385171,37.661678946574
사적,서울 양천고성지,126.840730041611,37.5749362679655
사적,성락원,126.9992006,37.5964872
사적,서울 양화나루와 잠두봉 유적,126.912200703887,37.543891452768
사적,서울 선농단,127.032097358248,37.5809970951089
사적,안국동 윤보선가,126.983671149984,37.5788452603429
사적,서울 초안산 분묘군,127.047045846142,37.6363404901158
사적,아차산 일대 보루군,127.098605769856,37.5737467889523
사적,"서울 청계천 유적(광통교지,수표교지와 오간수문지)",126.996274780829,37.5690711764547
사적,서울부암동백석동천유적,126.9663155,37.6003804
사적,서울 경교장,126.968031786885,37.5683724312295
사적,서울 이화장,127.0062868,37.57804437
사적,서울 용산신학교,126.95446523096,37.5346234416216
사적,서울 원효로 예수성심성당,126.954161373679,37.5343084789566
사적,만해 한용운 심우장,126.991672,37.593615
사적,의정부지,126.977865,37.574945
사적 및 명승,서울백악산(북악산)일원,126.9765897,37.5862294
명승,성락원,126.998948286817,37.5967696996693
명승,서울 부암동 백석동천,126.966659684708,37.6000409715524
명승,서울 백악산 일원,126.983071739339,37.6003567204904
천연기념물,서울통의동의백송,126.9733858,37.5767125
천연기념물,서울내자동의백송,126.9727054,37.5751884
천연기념물,서울원효로의백송,126.9519096,37.5334815
천연기념물,서울회현동의백송,126.9812693,37.5589
천연기념물,서울 재동 백송,126.984230825537,37.5784323667587
천연기념물,서울 조계사 백송,126.982161674531,37.5738887492807
천연기념물,연희동의수지적송,126.9367789,37.5791158
천연기념물,어의궁의은행나무,126.9720521,37.5826297
천연기념물,서울 문묘 은행나무,126.99594537122,37.5857439812281
천연기념물,창덕궁 향나무,126.989513368175,37.5792987539341
천연기념물,서울 선농단 향나무,127.032032978492,37.5807542338126
천연기념물,창덕궁 다래나무,126.989190985121,37.5866409169765
천연기념물,서울 삼청동 등나무,126.980930672941,37.5847561297066
천연기념물,서울 삼청동 측백나무,126.981151178868,37.5842536849994
천연기념물,서울 신림동 굴참나무,126.916701401571,37.470234453208
천연기념물,창덕궁 뽕나무,126.99338495188,37.5832366531057
천연기념물,창덕궁 회화나무 군,126.989970186387,37.5781876937645
천연기념물,서울 영휘원 산사나무,127.0429722,37.5896285
국가무형문화재,남사당놀이,126.797262783318,37.509335042978
국가무형문화재,북청사자놀음,127.044648466316,37.5102294403293
국가무형문화재,봉산탈춤,127.044648466316,37.5102294403293
국가무형문화재,선소리산타령,127.044648466316,37.5102294403293
국가무형문화재,강령탈춤,127.044648466316,37.5102294403293
국가무형문화재,학연화대합설무,127.044648466316,37.5102294403293
국가무형문화재,악기장,127.044648466316,37.5102294403293
국가무형문화재,송파산대놀이,127.098024939024,37.5095662016777
국가무형문화재,입사장,127.044648466316,37.5102294403293
국가무형문화재,침선장,127.044648466316,37.5102294403293
국가무형문화재,서울 새남굿,127.044648466316,37.5102294403293
국가무형문화재,각자장,127.044648466316,37.5102294403293
국가민속문화재,경산 정원용 의대,126.9765897,37.5862294
국가민속문화재,방상시 탈,126.9822222,37.522998
국가민속문화재,국사당의 무신도,126.959498,37.5787846
국가민속문화재,인왕산 국사당,126.959502557596,37.5788731798836
국가민속문화재,남은들 상여,126.9766171,37.5769816
국가민속문화재,각궁,126.9642496,37.5778045
국가민속문화재,운봉수 향낭,127.0333119,37.5153845
국가민속문화재,일월수 다라니주머니,127.0333119,37.5153845
국가민속문화재,오조룡 왕비 보,127.0333119,37.5153845
국가민속문화재,십장생수 이층롱,126.9649204,37.5460994
국가민속문화재,초충수병(4폭),126.9649204,37.5460994
국가민속문화재,청초중단,126.9474403,37.5625212
국가민속문화재,적초의,126.9474403,37.5625212
국가민속문화재,왕비 녹원삼,126.9474403,37.5625212
국가민속문화재,자수요와 이불,126.9474403,37.5625212
국가민속문화재,구장복,126.9822222,37.522998
국가민속문화재,적의본 및 폐슬본,126.9822222,37.522998
국가민속문화재,고대박물관 소장 홍진종 의복,127.0196836,37.588996
국가민속문화재,흥완군 의복,126.9649204,37.5460994
국가민속문화재,산청 전주최씨 고령댁 상여,126.9765897,37.5862294
국가민속문화재,장영직 유품,126.9765897,37.5862294
국가민속문화재,서울 금성당,126.925434124847,37.635122324145
국가민속문화재,변수 묘 출토유물,127.7679737,37.7336887
국가민속문화재,영친왕 일가 복식 및 장신구류,126.9793579,37.5729503
시도유형문화재,장충단비,127.004786403829,37.5583219592618
시도유형문화재,봉황각,127.006167418358,37.6603415324423
시도유형문화재,양관,126.9715215,37.5679629
시도유형문화재,낙성대 삼층석탑,126.960452979856,37.4711211883485
시도유형문화재,정업원 터,127.016469401898,37.5796827494255
시도유형문화재,용양봉저정,126.955820427675,37.5129153022645
시도유형문화재,성제묘,127.001815266579,37.5688312881569
시도유형문화재,사육신묘,126.949897967941,37.5133364113381
시도유형문화재,종친부 경근당과 옥첩당,126.98134026373,37.5789553186832
시도유형문화재,한우물(천정),126.9233866,37.4475052
시도유형문화재,양녕대군 이제 묘역,126.942342975383,37.4965927401613
시도유형문화재,효령대군 이보 묘역,126.99996988468,37.4823425178997
시도유형문화재,동십자각,126.97788,37.5760216
시도유형문화재,인조별서유기비,126.9166138,37.6087054
시도유형문화재,선농단,127.0400189,37.5743682
시도유형문화재,삼군부 청헌당,127.10099872997,37.6216187864537
시도유형문화재,옥천암 마애좌상,126.9539322,37.5969553
시도유형문화재,수표교,127.005057230382,37.5581026327188
시도유형문화재,경희궁 흥화문,126.969659892677,37.5695344000016
시도유형문화재,경희궁 숭정전,127.001162731626,37.5574710750975
시도유형문화재,운현궁,126.988192,37.5765974
시도유형문화재,안평대군 이용 집터,126.962939178017,37.5916795367998
시도유형문화재,석파정 별당,126.958650776604,37.5991323131212
시도유형문화재,석불좌상,126.9765897,37.5862294
시도유형문화재,황학정,126.964001196585,37.5775136622129
시도유형문화재,석파정,126.962520251041,37.5949155024881
시도유형문화재,한글고비,127.0774958,37.6454479
시도유형문화재,삼층석탑,126.997102869525,37.5935408953407
시도유형문화재,석조팔각승탑,126.996972873986,37.5940849149764
시도유형문화재,석불입상,126.996787009628,37.5947815675564
시도유형문화재,석 비로자나불좌상,126.997070760449,37.5935027430777
시도유형문화재,선희궁 터,126.96852796722,37.5847089284376
시도유형문화재,홍지문 및 탕춘대성,126.954065856155,37.6040497442756
시도유형문화재,도선사 마애불입상,126.989357247303,37.6549487904012
시도유형문화재,성공회 서울성당,126.975995230445,37.5670398906643
시도유형문화재,천도교 중앙대교당,126.985782302903,37.5751817553797
시도유형문화재,삼군부 총무당,127.008882689532,37.5827442707337
시도유형문화재,금암기적비,126.918251086583,37.6442773378257
시도유형문화재,약사사 삼층석탑,126.805625917882,37.5832551955532
시도유형문화재,약사사 석불입상,126.805261145497,37.5831402403693
시도유형문화재,화산군 이연 신도비,126.914053628888,37.5782082468089
시도유형문화재,구영릉 석물,127.043633030138,37.5902369541007
시도유형문화재,연령군 이훤 신도비,127.100777958883,37.6217566089189
시도유형문화재,상봉동오층석탑,127.0822888,37.5963152
시도유형문화재,상봉동석제태실신석,127.0822888,37.5963152
시도유형문화재,상봉동석등(하대석),127.0822888,37.5963152
시도유형문화재,상봉동전수덕사사리탑,127.0822888,37.5963152
시도유형문화재,전주 이씨 광평대군파 묘역,127.093314016846,37.4879370055453
시도유형문화재,봉천동 마애미륵불좌상,126.968700832617,37.462059454624
시도유형문화재,양효공 안맹담과 정의공주 묘역,127.023954679075,37.662021859315
시도유형문화재,기기국 번사창,126.98277286569,37.5866166383656
시도유형문화재,승가사승가굴관음보살상,126.9594637,37.6269505
시도유형문화재,중명전,126.9725196,37.5666014
시도유형문화재,창빈 안씨 묘역,126.970326851575,37.4969127565926
시도유형문화재,정간공 이명 묘역,127.050219536959,37.6352920417048
시도유형문화재,종묘 어정,126.995150447454,37.5713988141075
시도유형문화재,우암 송시열 집터,126.997047506482,37.5907099562678
시도유형문화재,수표석,127.0463132,37.5883541
시도유형문화재,충헌공 김구 묘역,127.120461793068,37.5197376492713
시도유형문화재,성안공 상진 묘역,127.00389123001,37.4809391456286
시도유형문화재,동래 정씨 임당공파 묘역,126.965356776456,37.4836073699777
시도유형문화재,수죽정공신도비,126.9635947,37.4842341
시도유형문화재,제곡정공신도비,126.9635947,37.4842341
시도유형문화재,봉은사 선불당,127.057705135199,37.5155093330085
시도유형문화재,화계사 대웅전,127.007057758849,37.6326773094987
시도유형문화재,흥천사 극락보전,127.009080210097,37.5980717018727
시도유형문화재,흥천사 명부전,127.00883612696,37.5982287859322
시도유형문화재,봉원사대웅전,126.9447791,37.5737482
시도유형문화재,충숙이공 영정,127.0797641,37.6410845
시도유형문화재,충숙공 이상길 묘역,127.077086096857,37.6402087131972
시도유형문화재,옛 제일은행 본점,126.980500854688,37.5610359715728
시도유형문화재,뚝도수원지 제1정수장,127.042795677684,37.5391525761285
시도유형문화재,탑골공원 팔각정,126.988286259742,37.5713071991101
시도유형문화재,순흥안씨 양도공파 묘역,126.909103608734,37.458273492967
시도유형문화재,지장사 철불좌상,126.9724425,37.5056622
시도유형문화재,홍무25년장흥사명 동종,127.0569288,37.5151025
시도유형문화재,풍산 심씨 문정공파 묘역,126.808708284435,37.5803690692398
시도유형문화재,신선경과 류인호 묘역,127.130561454351,37.5012856774385
시도유형문화재,문양군 류희림 묘역,127.131014927303,37.5008279676533
시도유형문화재,여계묘역,126.856054943078,37.5072365576336
시도유형문화재,남지기로회도,127.0383778,37.58693
시도유형문화재,목장지도,127.0033766,37.4973544
시도유형문화재,봉은사 판전 현판,127.0569288,37.5151025
시도유형문화재,대방광불화엄경수소연의초목판,127.0569288,37.5151025
시도유형문화재,성시헌익사공신록,126.8688863,37.5260009
시도유형문화재,열조통기,126.8688863,37.5260009
시도유형문화재,김양보 호성공신록,126.9848376,37.585107
시도유형문화재,상설고문진보대전,126.9848376,37.585107
시도유형문화재,보타사 마애좌상,127.0309979,37.590991
시도유형문화재,광주이씨 광릉부원군파 묘역,127.144391862478,37.5641125821811
시도유형문화재,양호거사비,126.923431435674,37.5806324689671
시도유형문화재,대성사목불좌상,127.0134027,37.4759399
시도유형문화재,원지동 석불입상 및 석탑,127.057344180378,37.445175513853
시도유형문화재,효간공 이정영 묘역,126.968596762337,37.4819617242413
시도유형문화재,충익공 신경진 묘역,127.102318218982,37.5950490728861
시도유형문화재,문희공 유창 묘역,127.169012191191,37.5469957678785
시도유형문화재,오공신회맹축,127.0393713,37.4949368
시도유형문화재,보문사 석가불도,127.0160825,37.5846317
시도유형문화재,보문사 신중도,127.0160825,37.5846317
시도유형문화재,보문사 지장시왕도,127.0160825,37.5846317
시도유형문화재,국기복색소선 및 사절복색자장요람,126.9649204,37.5460994
시도유형문화재,오운정,126.9765897,37.5862294
시도유형문화재,침류각,126.9765897,37.5862294
시도유형문화재,정정공 강사상 묘역,126.91874722347,37.4659836056506
시도유형문화재,효민공 이경직 묘역,126.975369317954,37.4705917339406
시도유형문화재,전주 이씨 영해군파 묘역,127.026747089389,37.6783421581595
시도유형문화재,"조아통상조약(한문, 아문)",127.0033766,37.4973544
시도유형문화재,조영통상조약(영문),127.0033766,37.4973544
시도유형문화재,"대조선국ㆍ대덕국 통상조약(한문, 영문, 독문)",127.0033766,37.4973544
시도유형문화재,대한국ㆍ대청국통상조약(한문),127.0033766,37.4973544
시도유형문화재,대조선국ㆍ대법민주국 통상조약(한문),127.0033766,37.4973544
시도유형문화재,지장사 괘불도,126.970988,37.4992854
시도유형문화재,지장사 아미타불도,126.970988,37.4992854
시도유형문화재,지장사 극락구품도,126.970988,37.4992854
시도유형문화재,지장사 감로도,126.970988,37.4992854
시도유형문화재,지장사 지장시왕도,126.970988,37.4992854
시도유형문화재,지장사 대웅전 신중도,126.970988,37.4992854
시도유형문화재,지장사 현왕도,126.970988,37.4992854
시도유형문화재,지장사 팔상도,126.970988,37.4992854
시도유형문화재,만월암 석불좌상,127.0125643,37.6792461
시도유형문화재,안양암 마애관음보살좌상,127.013369682537,37.5753324151868
시도유형문화재,아미타괘불도,126.9889392,37.5807194
시도유형문화재,학도암 마애관음보살좌상,127.09004751923,37.6523008234594
시도유형문화재,조계사 석가불도,126.9823188,37.5738503
시도유형문화재,조계사 목불좌상(석가불),126.9823188,37.5738503
시도유형문화재,조계사 대웅전,126.981823088668,37.5738976292395
시도유형문화재,양정편,126.9688196,37.5707155
시도유형문화재,경교장,126.9680843,37.5682292
시도유형문화재,승동교회,126.986068930277,37.5716320230299
시도유형문화재,동아일보사옥,126.977668931139,37.5698602485602
시도유형문화재,미국공사관,126.9729531,37.5668424
시도유형문화재,사현사 석불좌상,126.9188339,37.6384142
시도유형문화재,순명비 유강원 석물,127.077829911545,37.5487016574637
시도유형문화재,조선 이흠례 묘지,126.9209377,37.5087467
시도유형문화재,본원정사 목 보살좌상(지장보살),127.0051371,37.6373603
시도유형문화재,십장생도,126.9688196,37.5707155
시도유형문화재,친림광화문내근정전정시시도,126.9688196,37.5707155
시도유형문화재,삼국지연의도,126.9688196,37.5707155
시도유형문화재,"용비어천가 권3,4",126.9688196,37.5707155
시도유형문화재,흥선대원군 이하응필 묵란도,126.9688196,37.5707155
시도유형문화재,"진관사 소 삼존불상(석가불,미륵보살,제화갈라보살)",126.9365172,37.6497956
시도유형문화재,진관사 소 십육나한상,126.9365172,37.6497956
시도유형문화재,진관사 영산회상도,126.9365172,37.6497956
시도유형문화재,진관사 십육나한도,126.9365172,37.6497956
시도유형문화재,진관사 칠성도,126.9365172,37.6497956
시도유형문화재,진관사 산신도,126.9365172,37.6497956
시도유형문화재,녹훈도감 선사어선 연회도,126.9729545,37.5705985
시도유형문화재,철불좌상,127.0307093,37.6855264
시도유형문화재,청화백자산수인물문병,126.9688196,37.5707155
시도유형문화재,청화백자성새산수문병,126.9688196,37.5707155
시도유형문화재,청화백자매화절지문필통,126.9688196,37.5707155
시도유형문화재,청화백자운룡문병,126.9688196,37.5707155
시도유형문화재,백자대병,126.9688196,37.5707155
시도유형문화재,백자양각시문병,126.9688196,37.5707155
시도유형문화재,양온명수이도기편호,126.9688196,37.5707155
시도유형문화재,봉은사 목 사천왕상,127.0569288,37.5151025
시도유형문화재,금선사 신중도,126.9536108,37.6203675
시도유형문화재,금동보살좌상,126.9688196,37.5707155
시도유형문화재,간평의,126.9688196,37.5707155
시도유형문화재,앙부일구,126.9688196,37.5707155
시도유형문화재,조선본천하여지도,126.9688196,37.5707155
시도유형문화재,경국대전권3,127.0130164,37.4887056
시도유형문화재,전송림사출토 청동불구 일괄,126.9688196,37.5707155
시도유형문화재,금동불좌상(아미타불),126.9688196,37.5707155
시도유형문화재,송시열상,126.9688196,37.5707155
시도유형문화재,전이한철필 어해도병,126.9688196,37.5707155
시도유형문화재,성불사 금동보현보살좌상,126.9606212,37.5937552
시도유형문화재,을축갑회도,126.9688196,37.5707155
시도유형문화재,경수연도,126.9688196,37.5707155
시도유형문화재,태학계첩,126.9688196,37.5707155
시도유형문화재,경현당어제어필화재첩,126.9688196,37.5707155
시도유형문화재,기성도병,126.9688196,37.5707155
시도유형문화재,관서명승도첩,126.9688196,37.5707155
시도유형문화재,두씨통전,126.9688196,37.5707155
시도유형문화재,지장보살본원경,126.9688196,37.5707155
시도유형문화재,번역명의집 권1~3,126.9688196,37.5707155
시도유형문화재,자치통감강목 권16,126.9688196,37.5707155
시도유형문화재,성북동포백훈조계완문절목,126.9688196,37.5707155
시도유형문화재,원조정본농상집요 권5~7,126.9688196,37.5707155
시도유형문화재,팔정사 목 보살좌상(대세지보살),126.985178,37.5961603
시도유형문화재,안양암 아미타불도,127.013337,37.5754074
시도유형문화재,안양암 감로도,127.013337,37.5754074
시도유형문화재,안양암 팔상도,127.013337,37.5754074
시도유형문화재,안양암 극락왕생도,127.013337,37.5754074
시도유형문화재,안양암 아미타괘불도,127.013337,37.5754074
시도유형문화재,"안양암 대웅전 삼존불상(아미타불,관음보살,지장보살)",127.013337,37.5754074
시도유형문화재,도선사 목 아미타불·대세지보살상,127.0116011,37.6617837
시도유형문화재,도선사 석 독성상,127.0116011,37.6617837
시도유형문화재,류홍영정,126.9688196,37.5707155
시도유형문화재,청자상감국화문표형병,126.9183525,37.4810717
시도유형문화재,분청사기철화모란문장군,126.9183525,37.4810717
시도유형문화재,분청사기조화모란문장군,126.9183525,37.4810717
시도유형문화재,백자청화송옥문병,126.9183525,37.4810717
시도유형문화재,백자청화매죽문시명병,126.9183525,37.4810717
시도유형문화재,혼천의,126.9857024,37.5728942
시도유형문화재,사자암 지장시왕도,126.9369661,37.4923933
시도유형문화재,청룡사 지장시왕도,127.016746,37.5798687
시도유형문화재,청룡사 칠성도,127.016746,37.5798687
시도유형문화재,청룡사 현왕도,127.016746,37.5798687
시도유형문화재,청룡사 감로도,127.016746,37.5798687
시도유형문화재,청룡사 가사도,127.016746,37.5798687
시도유형문화재,청룡사 신중도,127.016746,37.5798687
시도유형문화재,청룡사 석 삼불상,127.016746,37.5798687
시도유형문화재,목우자 수심결·법어,126.996937,37.4847153
시도유형문화재,금동석장 머리장식,126.9183525,37.4810717
시도유형문화재,곤여전도,126.8602168,37.5438756
시도유형문화재,개운사 감로도,127.0290431,37.5896164
시도유형문화재,개운사 신중도,127.0290431,37.5896164
시도유형문화재,개운사 팔상도,127.0290431,37.5896164
시도유형문화재,개운사 지장시왕도,127.0290431,37.5896164
시도유형문화재,보타사 금동 보살좌상(관음보살),127.029138,37.586265
시도유형문화재,환희사 목불좌상(아미타불),126.9554217,37.5876183
시도유형문화재,환희사 석불입상,126.9554217,37.5876183
시도유형문화재,청동 종,126.9183525,37.4810717
시도유형문화재,청동 종,126.9659552,37.6046339
시도유형문화재,류순정 영정,126.9688196,37.5707155
시도유형문화재,성변등록,126.9384179,37.5655342
시도유형문화재,정각사 목 아미타불좌상,127.0077302,37.585347
시도유형문화재,자치통감사정전훈의권48-52,126.9623879,37.5619795
시도유형문화재,자치통감강목권54,126.9623879,37.5619795
시도유형문화재,"봉은사 목 삼불상(석가불, 아미타불, 약사불)",127.0569288,37.5151025
시도유형문화재,"봉은사 목 삼존불상(석가불, 가섭존자, 아난존자)",127.0569288,37.5151025
시도유형문화재,봉은사 목 십육나한상,127.0569288,37.5151025
시도유형문화재,봉은사 대웅전 신중도,127.0569288,37.5151025
시도유형문화재,봉은사 판전 신중도,127.0569288,37.5151025
시도유형문화재,봉은사 괘불도,127.0569288,37.5151025
시도유형문화재,봉은사  비로자나불도,127.0569288,37.5151025
시도유형문화재,봉은사 칠성도,127.0569288,37.5151025
시도유형문화재,봉은사 삼세불도,127.0569288,37.5151025
시도유형문화재,봉은사 삼장보살도,127.0569288,37.5151025
시도유형문화재,봉은사 감로도,127.0569288,37.5151025
시도유형문화재,봉은사 영산회상도,127.0569288,37.5151025
시도유형문화재,봉은사 십육나한도,127.0569288,37.5151025
시도유형문화재,학림옥로권9~11,127.0834819,37.5754074
시도유형문화재,서대문권1~6,127.0834819,37.5754074
시도유형문화재,묘법연화경권5~7,127.0834819,37.5754074
시도유형문화재,수국사 아미타불도,126.9050734,37.6158827
시도유형문화재,수국사 십육나한도,126.9050734,37.6158827
시도유형문화재,수국사 극락구품도,126.9050734,37.6158827
시도유형문화재,수국사 감로도,126.9050734,37.6158827
시도유형문화재,수국사 신중도,126.9050734,37.6158827
시도유형문화재,수국사 현왕도,126.9050734,37.6158827
시도유형문화재,경국사 목관음보살좌상,127.0045664,37.6145664
시도유형문화재,불설불모출생삼법장반야바라밀다경권12,127.0220069,37.4735532
시도유형문화재,묘법연화경 권2,127.0220069,37.4735532
시도유형문화재,묘법연화경 권5~7,127.0220069,37.4735532
시도유형문화재,묘법연화경 권3,127.0220069,37.4735532
시도유형문화재,묘법연화경 권5,127.0220069,37.4735532
시도유형문화재,법계성범수륙승회수재의궤 권1,127.0220069,37.4735532
시도유형문화재,천지명양수륙재의찬요,127.0220069,37.4735532
시도유형문화재,도선사 청동 종 및 일괄 유물,126.9896869,37.6552305
시도유형문화재,경국사 지장시왕도,127.0045664,37.6145664
시도유형문화재,경국사 감로도,127.0045664,37.6145664
시도유형문화재,경국사 팔상도,127.0045664,37.6145664
시도유형문화재,경국사 신중도,127.0045664,37.6145664
시도유형문화재,경국사 괘불도,127.0045664,37.6145664
시도유형문화재,법주사 수정암 석불좌상,126.9985492,37.5592488
시도유형문화재,봉수당진찬도,126.9985492,37.5592488
시도유형문화재,희경루방회도,126.9985492,37.5592488
시도유형문화재,감지은니범망경보살계 및 보살계의,126.9985492,37.5592488
시도유형문화재,지장암 목비로자나불좌상 복장전적류,127.0088267,37.5776039
시도유형문화재,지장암 신중도,127.0088267,37.5776039
시도유형문화재,지장암 감로도,127.0088267,37.5776039
시도유형문화재,백자청화칠보수복문호,126.9793579,37.5729503
시도유형문화재,백자상감연리지문병,126.9793579,37.5729503
시도유형문화재,백자호,126.9793579,37.5729503
시도유형문화재,백자동화원형문각호,126.9793579,37.5729503
시도유형문화재,백자청화산수인물문사각병,126.9793579,37.5729503
시도유형문화재,백자청화화분문호,126.9793579,37.5729503
시도유형문화재,대한천일은행 창립관련 문서 및 회계문서 일괄,126.9814916,37.559197
시도유형문화재,상부암 석보살입상,127.110754738729,37.5518399054163
시도유형문화재,도선사 석 삼존불상,127.0802359,37.6795057
시도유형문화재,기원사 독성도,127.0560319,37.6227358
시도유형문화재,지장암 지장보살도,127.0088267,37.5776039
시도유형문화재,지장암 산신도,127.0088267,37.5776039
시도유형문화재,청룡사 석 지장삼존상 및 시왕상 일괄,127.0156602,37.5777283
시도유형문화재,조성기,127.016746,37.5798687
시도유형문화재,지장보살상,127.016746,37.5798687
시도유형문화재,무독귀왕,127.0156602,37.5777283
시도유형문화재,도명존자,127.0156602,37.5777283
시도유형문화재,제1대왕(진광대왕),127.0156602,37.5777283
시도유형문화재,제2대왕(초강대왕),127.0156602,37.5777283
시도유형문화재,제3대왕(송제대왕),127.0156602,37.5777283
시도유형문화재,제4대왕(오관대왕),127.0156602,37.5777283
시도유형문화재,제5대왕(염라대왕),127.0156602,37.5777283
시도유형문화재,제6대왕(변성대왕),127.0156602,37.5777283
시도유형문화재,제7대왕(태사대왕),127.016746,37.5798687
시도유형문화재,제8대왕(평등대왕),127.016746,37.5798687
시도유형문화재,제9대왕(도시대왕),127.016746,37.5798687
시도유형문화재,제10대왕(전륜대왕),127.016746,37.5798687
시도유형문화재,향우측판관(判官)1,127.016746,37.5798687
시도유형문화재,향우측사자(使者)1,127.016746,37.5798687
시도유형문화재,향우측사자(使者)2,127.016746,37.5798687
시도유형문화재,향우측금강역사(金剛力士)1,127.016746,37.5798687
시도유형문화재,향좌측판관(判官)2,127.016746,37.5798687
시도유형문화재,향좌측사자(使者)3,127.016746,37.5798687
시도유형문화재,향좌측사자(使者)4,127.016746,37.5798687
시도유형문화재,향좌측금강역사(金剛力士)2,127.0156602,37.5777283
시도유형문화재,동녀,127.016746,37.5798687
시도유형문화재,묘법연화경 권1~7,127.0823649,37.6747759
시도유형문화재,사자암 신중도,126.9369661,37.4923933
시도유형문화재,사자암 영산회괘불도,126.9369661,37.4923933
시도유형문화재,사자암 현왕도,126.9369661,37.4923933
시도유형문화재,개운사 목 아미타불좌상 복장일괄,127.029138,37.586265
시도유형문화재,천축사 비로자나삼신불도 및 복장유물,127.0192688,37.6940776
시도유형문화재,천축사 비로자나삼신괘불도,127.0192688,37.6940776
시도유형문화재,인천해관문서,127.0340061,37.5181132
시도유형문화재,사복시 살곶이 목장지도,127.0590167,37.583923
시도유형문화재,수선전도,126.9384179,37.5655342
시도유형문화재,도성대지도,126.9793579,37.5729503
시도유형문화재,수선총도,126.9793579,37.5729503
시도유형문화재,망우동지,126.9793579,37.5729503
시도유형문화재,훈도방주자동지,126.9793579,37.5729503
시도유형문화재,북한지,126.9793579,37.5729503
시도유형문화재,삼강행실도,127.0348854,37.4996808
시도유형문화재,수문장계회도,127.0832634,37.6211412
시도유형문화재,장양공정토시전부호도,127.0823436,37.6245508
시도유형문화재,대사례도,126.9367789,37.5791158
시도유형문화재,신축진연도병,126.9367789,37.5791158
시도유형문화재,왕세자입학도첩,127.0213534,37.5858384
시도유형문화재,계미동경소진첩,127.0213534,37.5858384
시도유형문화재,괴원성회록,127.0213534,37.5858384
시도유형문화재,해동제국기,127.0116069,37.5039042
시도유형문화재,백자청화영빈이씨 묘지·명기 및 석함,126.9367789,37.5791158
시도유형문화재,백자‘동묘치성병’명병,126.9793579,37.5729503
시도유형문화재,진관동 석 보살입상,126.916154345229,37.6397136094781
시도유형문화재,봉은사 판전,127.056228534211,37.5151193092724
시도무형문화재,송파다리밟기,127.098024939024,37.5095662016777
시도기념물,잠실뽕나무,127.010578214217,37.5174795401402
시도기념물,화양동느티나무,127.071857095971,37.5465136473216
시도기념물,강감찬 생가 터(낙성대),126.960840628386,37.4749493703316
시도기념물,세검정 터,126.959772179782,37.600925926532
시도기념물,손기정 월계관 기념수,126.965237260563,37.5560325299865
시도기념물,이화장,127.0066369,37.5779143
시도기념물,만해 한용운 심우장,126.991716670424,37.5935473409663
시도기념물,양천향교터,126.839799991425,37.5730427402604
시도기념물,망원정 터,126.904612031351,37.5498860816332
시도기념물,보신각터,126.98361955808,37.5697657555457
시도기념물,허가바위,126.850503266425,37.5685346080136
시도기념물,낙천정터,127.0858963,37.5283992
시도기념물,무악산동봉수대터,126.947141772058,37.5768300676345
시도기념물,목멱산봉수대터,126.987428000603,37.552081633433
시도기념물,아차산 봉수대 터,127.087118640926,37.6084287101637
시도기념물,배재학당동관,126.97260699757,37.5640011022801
시도기념물,조석견과완성군이귀정묘역,126.963803936329,37.5063382698479
시도기념물,구용산수위관측소,126.947260934594,37.5339802996755
시도기념물,광통관,126.98306254363,37.5676973575914
시도기념물,구세군중앙회관,126.973856671622,37.5678975250576
시도기념물,류순정·류홍부자묘역,126.829870995603,37.4890232720302
시도기념물,해공신익희가옥,126.972345293044,37.5820120241392
시도기념물,화의군이영묘역,126.937535236208,37.636272795719
시도기념물,숙용심씨묘표,126.940627497205,37.6419741318673
시도기념물,영산군이전묘역,126.941777373743,37.6403178144889
시도기념물,충정공 목서흠 묘역,127.024150204247,37.6639230561427
시도기념물,도봉서원과 각석군,127.03077710893,37.6876149133664
시도기념물,완남부원군 이후원 묘역,127.095774891643,37.4747846346147
시도기념물,월산대군 이정 태실,127.022812196905,37.4638061366286
시도기념물,인왕산 수성동 계곡,126.962501165328,37.5822361541492
시도기념물,불암산성,127.091483280033,37.6574844413649
시도기념물,방학동 은행나무,127.022144789954,37.6609133476782
시도기념물,호안공 이등과 의령옹주 묘역,127.023483565889,37.6778287176473
시도기념물,경천군 이해룡 사패지 송금비,126.947725875363,37.6523493389947
시도기념물,수유동 분청사기 가마터,126.99872253246,37.6404072552712
시도기념물,성균관 대성전 은행나무,126.996139296101,37.5849730482978
시도기념물,서울광장 지하배수로,126.977814850639,37.5655915182222
시도기념물,남대문로 지하배수로,126.982342622702,37.5649665355728
시도기념물,인왕산 백운동 계곡,126.966201132156,37.5896256290128
시도기념물,태평로2가 지하배수로,126.976610196324,37.5628305939149
시도기념물,배봉산 보루,127.063808595467,37.5810438869498
시도기념물,숙선옹주(선빈)안씨 묘,127.082110191336,37.6141367173914
시도기념물,사릉 석물 채석장 터,126.996882673668,37.6391276723153
시도민속문화재,관성묘,126.9952021,37.587839
시도민속문화재,서빙고동부군당,126.993163331862,37.5204855347707
시도민속문화재,평창동보현산신각,126.966049816361,37.6143930567065
시도민속문화재,선바위,126.958972198444,37.5788826966732
시도민속문화재,와룡묘,126.986735356724,37.5546788322003
시도민속문화재,관성묘,127.003116901343,37.5608983529904
시도민속문화재,장교동한규설가옥,126.999802116396,37.6109180536969
시도민속문화재,삼청동오위장김춘영가옥,126.994813142178,37.5587913615365
시도민속문화재,도정궁경원당,127.080455658196,37.5422416789455
시도민속문화재,성북동이종석별장,126.994463320952,37.5940955283197
시도민속문화재,상허이태준가옥,126.994835453334,37.5950368419244
시도민속문화재,반계 윤웅렬 별장,126.962158733177,37.5902447246414
시도민속문화재,원서동백홍범가옥,126.988565133758,37.5835956424659
시도민속문화재,가회동한씨가옥,126.985664318491,37.5808594365185
시도민속문화재,경운동민병옥가옥,126.985981272582,37.5746679767312
시도민속문화재,월계동각심재,127.050792841835,37.6342529554285
시도민속문화재,용강동정구중가옥,126.941896807891,37.5430685639847
시도민속문화재,관훈동 민씨 가옥,126.99472595748,37.5592215925246
시도민속문화재,운니동 김승현 가옥(운현궁 영로당),126.987044787936,37.5767132208251
시도민속문화재,삼각동 도편수 이승업 가옥,126.994473055447,37.5589549933301
시도민속문화재,숭보사,126.996367285085,37.5865793104302
시도민속문화재,가회동백인제가옥,126.984083124957,37.5808368020829
시도민속문화재,옥인동서용택가,126.9667374,37.5833029
시도민속문화재,제기동해풍부원군윤택영재실,126.994716548605,37.5595431894495
시도민속문화재,장위동김진흥가옥,127.051895856812,37.6161985627518
시도민속문화재,우암 송시열 초구 일령,127.0403534,37.5293738
시도민속문화재,안국동윤보선가,126.9836858,37.5789068
시도민속문화재,혜화동 김상협 가옥,127.001440714398,37.5896167246378
시도민속문화재,체부동 홍종문 가옥,126.970232582204,37.577564426569
시도민속문화재,가회동 김형태 가옥,126.98481959943,37.5829545273822
시도민속문화재,조경묘출토유의일괄,126.9688196,37.5707155
시도민속문화재,만리동 정영국 가옥,126.963440566071,37.5529227639921
시도민속문화재,필운동 홍건익 가옥,126.968763712718,37.5778776270694
문화재자료,옥인동 박노수 가옥,126.966799564476,37.5813280932549
문화재자료,가회동 이준구 가옥,126.983747985856,37.5836589273886
문화재자료,지장사 약사불도,126.970988,37.4992854
문화재자료,지장사 능인보전신중도,126.970988,37.4992854
문화재자료,지장사 칠성도,126.970988,37.4992854
문화재자료,지장사 독성도,126.970988,37.4992854
문화재자료,지장사 산신도,126.970988,37.4992854
문화재자료,호압사 석불좌상(약사불),126.9255307,37.4525077
문화재자료,백사 이항복 집터(필운대),126.966276044348,37.578284046001
문화재자료,진관사 석불좌상,126.9365172,37.6497956
문화재자료,진관사 소 독성상,126.9365172,37.6497956
문화재자료,진관사 독성도,126.9365172,37.6497956
문화재자료,종친부 터 우물,126.981202959366,37.5792271691129
문화재자료,응선사 산신도,126.9672737,37.5977268
문화재자료,안양암 대웅전 신중도,127.013337,37.5754074
문화재자료,안양암 지장시왕괘불도,127.013337,37.5754074
문화재자료,안양암 지장시왕도,126.9793579,37.5729503
문화재자료,안양암 명부전 시왕도 및 사자도,127.013337,37.5754074
문화재자료,안양암 천오백불전 신중도,127.013337,37.5754074
문화재자료,안양암 삼불회도,127.013337,37.5754074
문화재자료,안양암 칠성도,127.013337,37.5754074
문화재자료,안양암 지장삼존상 및 시왕상 일괄,127.013337,37.5754074
문화재자료,안얌암명부전시왕상및권속18구,127.013337,37.5754074
문화재자료,안양암 석 치성광불좌상 및 권속,127.013337,37.5754074
문화재자료,안양암 천오백불전 아미타삼존상,127.013337,37.5754074
문화재자료,안양암 천오백불상,127.013337,37.5754074
문화재자료,사신당 무신도 및 현판 일괄,126.9194534,37.6365698
문화재자료,법수선원산신도,127.0970616,37.4629556
문화재자료,부안군이석수묘역,126.968329584949,37.5025422179838
문화재자료,청룡사독성도,127.016746,37.5798687
문화재자료,청룡사산신도,127.016746,37.5798687
문화재자료,진관사 칠성각,126.947150975008,37.6377931223694
문화재자료,진관사독성전,126.947127982686,37.6378438914245
문화재자료,정각사 석가불도,127.0077302,37.585347
문화재자료,일원동불국사석불좌상,127.0749624,37.4773961
문화재자료,마포 최사영 가옥,126.998754775544,37.5980867788087
문화재자료,봉은사 사자도,127.0569288,37.5151025
문화재자료,봉은사 영산전 신중도,127.0569288,37.5151025
문화재자료,영취사 오층석탑,126.9901174,37.6241992
문화재자료,고산구곡도판화,127.0834819,37.5754074
문화재자료,"불교제중원 오층석탑 및 표석, 석등",127.0658951,37.4866736
문화재자료,농기일괄,126.9684377,37.5663671
문화재자료,양천현 홀기,126.8397874,37.5730016
문화재자료,기원사 산신도,127.0560319,37.6227358
문화재자료,지장암 대웅전 신중도,127.0088267,37.5776039
문화재자료,진관동 석 아미타불좌상,126.91625671742,37.639721869047
문화재자료,원구단 정문,126.979052956216,37.5651205413729
문화재자료,삼청동문,126.982215617264,37.5837184017157
문화재자료,백호정,126.965611850425,37.5794892752133
문화재자료,월암동,126.965417353786,37.5706783776269
문화재자료,구 탑골공원 정문,127.002555588904,37.5768819310114
문화재자료,송계별업 터,126.996824319566,37.6382465034479
국가등록문화재,서울 남대문로 한국전력공사 사옥,126.983003360717,37.5653172759603
국가등록문화재,서울 구 경기고등학교,126.983186557787,37.581000411129
국가등록문화재,서울 이화여자고등학교 심슨기념관,126.971342255162,37.5661644652404
국가등록문화재,서울 구 국회의사당,126.976637649509,37.5675520746377
국가등록문화재,서울대학교 구 공과대학 본관과 교사,127.078749095382,37.6324099228119
국가등록문화재,서울공업고등학교 본관,126.922253140311,37.5015921415523
국가등록문화재,서울 이화여자대학교 파이퍼 홀,126.94759743162,37.5625399618011
국가등록문화재,서울 창녕위궁 재사,127.043185276821,37.6207121721108
국가등록문화재,구 서울특별시청사,126.977837852354,37.5663415704167
국가등록문화재,서울 건국대학교 구 서북학회회관,127.075581144412,37.5423796165119
국가등록문화재,덕수궁 석조전 동관,126.9750217,37.565897
국가등록문화재,덕수궁 석조전 서관,126.9750217,37.565897
국가등록문화재,덕수궁 정관헌,126.9750217,37.565897
국가등록문화재,창경궁 대온실,126.994012737316,37.5829847711786
국가등록문화재,서울 원서동 고희동 가옥,126.988948063306,37.5831987785681
국가등록문화재,서울 계동 배렴 가옥,126.986616499599,37.5813243992732
국가등록문화재,누상동 이중섭 가옥,126.9651817,37.5806748
국가등록문화재,서울 홍지동 이광수 별장 터,126.95603590059,37.6002531438163
국가등록문화재,통인동 이상 가옥,126.970853,37.5786074
국가등록문화재,서울 평창동 박종화 가옥,126.96732929663,37.6121898302396
국가등록문화재,서울 홍파동 홍난파 가옥,126.96508662888,37.5716582721208
국가등록문화재,서울 돈암장,127.009494971589,37.5913773837905
국가등록문화재,서울 의릉 구 중앙정보부 강당,127.056592545775,37.602543523358
국가등록문화재,서울 배화여자고등학교 생활관,126.967484314917,37.5784061311604
국가등록문화재,서울 한국기독교장로회총회 선교교육원,126.962866211624,37.564221660781
국가등록문화재,서울 동선동 권진규 아틀리에,127.021648339182,37.5943933565075
국가등록문화재,서울 구 경성방직 사무동,126.9053392,37.517976
국가등록문화재,서울 구 신촌역사,126.942813276768,37.55951529318
국가등록문화재,서울 누하동 이상범 가옥과 화실,126.968434581703,37.578864909668
국가등록문화재,서울 계동 근대 한옥,126.986420009236,37.5790748552219
국가등록문화재,서울 혜화동성당,127.002596239525,37.5863996810384
국가등록문화재,서울 창전동 공민왕 사당,126.928534361125,37.5485833455146
국가등록문화재,서울 구 대법원 청사,126.973764777253,37.5643092044388
국가등록문화재,서울 구 미국문화원,126.98039645479,37.566265642615
국가등록문화재,창덕궁 희정당 총석정절경도,126.9913088,37.5827287
국가등록문화재,창덕궁 희정당 금강산만물초승경도,126.9913088,37.5827287
국가등록문화재,창덕궁 대조전 봉황도,126.9913088,37.5827287
국가등록문화재,창덕궁 대조전 백학도,126.9913088,37.5827287
국가등록문화재,창덕궁 경훈각 조일선관도,126.9913088,37.5827287
국가등록문화재,창덕궁 경훈각 삼선관파도,126.9913088,37.5827287
국가등록문화재,서울 한강철도교,126.952195389819,37.5199565003858
국가등록문화재,경운궁 양이재,126.975451766118,37.566976287483
국가등록문화재,서울 성북동 최순우 가옥,127.000336304665,37.5929247467501
국가등록문화재,서울 청량리역 검수차고,127.049645126236,37.5792993204926
국가등록문화재,서울 구 화랑대역,127.093320377767,37.6241737677916
국가등록문화재,순종어차,126.9793579,37.5729503
국가등록문화재,순종황후어차,126.9793579,37.5729503
국가등록문화재,서울 명륜동 장면 가옥,126.999655792666,37.5875750104735
국가등록문화재,서울 구의정수장 제1·2공장,127.095394491602,37.5468467641704
국가등록문화재,서울 구 양천수리조합 배수펌프장,126.834981486671,37.5715088647818
국가등록문화재,서울대학교 구 공과대학 광산학과 교사,127.080378281347,37.6293128005221
국가등록문화재,서울 구 국군기무사령부 본관,126.9807756,37.5794245
국가등록문화재,뉴욕 월도프 아스토리아 호텔 게양 태극기,126.8962283,37.5263715
국가등록문화재,데니 태극기,126.9654442,37.5384272
국가등록문화재,동덕여자의숙 태극기,127.0182146,37.589116
국가등록문화재,이승만대통령 의전용 세단,126.9771014,37.5362782
국가등록문화재,박정희대통령 업무용 세단,126.9771014,37.5362782
국가등록문화재,박정희대통령 의전용 세단,127.1033319,37.6272187
국가등록문화재,서울 구 신아일보 별관,126.972166546575,37.5662399285396
국가등록문화재,서울 신당동 박정희 가옥,127.019851742381,37.5614753547865
국가등록문화재,서울 서교동 최규하 가옥,126.914912911704,37.5553344380827
국가등록문화재,전차 363호,126.9793579,37.5729503
국가등록문화재,서울 구 용산철도병원 본관,126.96578770532,37.5256528504972
국가등록문화재,백범 김구 혈의(血衣) 일괄,126.9602085,37.5451432
국가등록문화재,백범 김구 인장 金九,126.9602085,37.5451432
국가등록문화재,"백범 김구 인장 寬和, 金九之印, 白凡",126.9602085,37.5451432
국가등록문화재,백범 김구 회중시계,126.9602085,37.5451432
국가등록문화재,백범 김구 유묵 韓美親善平等互助,126.9602085,37.5451432
국가등록문화재,백범 김구 유묵 愼其獨,126.9602085,37.5451432
국가등록문화재,백범 김구 유묵 思無邪,126.9602085,37.5451432
국가등록문화재,알렌의 진단서,126.9394838,37.5646597
국가등록문화재,알렌의 검안경,126.9394838,37.5646597
국가등록문화재,제중원 1차년도 보고서,126.9384179,37.5655342
국가등록문화재,에비슨의 수술장면 유리건판 필름,126.9394838,37.5646597
국가등록문화재,대한의원 개원 칙서,126.9994764,37.5806761
국가등록문화재,분쉬의 외과도구,126.9394838,37.5646597
국가등록문화재,건칠반,126.9654442,37.5384272
국가등록문화재,은제이화문탕기,126.9793579,37.5729503
국가등록문화재,은제이화문화병,126.9793579,37.5729503
국가등록문화재,유제화형촛대,126.9468338,37.5618682
국가등록문화재,진관사 소장 독립신문류,126.9465644,37.6381014
국가등록문화재,면제갑옷,126.9654442,37.5384272
국가등록문화재,한국광복군 군복,127.1033319,37.6272187
국가등록문화재,대한민국 육군기,127.1033319,37.6272187
국가등록문화재,휴전협정 조인시 사용 책상,126.9771014,37.5362782
국가등록문화재,엄복동 자전거,127.1441983,37.5440296
국가등록문화재,전차 381호,126.9793579,37.5729503
국가등록문화재,명신여학교 태극기·현판·완문,127.0473248,37.5172363
국가등록문화재,서울 이준 묘소,126.999162132928,37.6414195072209
국가등록문화재,서울 손병희 묘소,127.007786,37.660267
국가등록문화재,서울 이시영 묘소,127.000044007076,37.6436968978236
국가등록문화재,서울 안창호 묘소,127.034708041903,37.5247004403664
국가등록문화재,서울 김창숙 묘소,127.00095939173,37.6451696552309
국가등록문화재,서울 신익희 묘소,126.999855300889,37.6409023309491
국가등록문화재,서울 방학동 전형필 가옥,127.028218451146,37.6648871056687
국가등록문화재,서울 여운형 묘소,127.012140592197,37.6571069795974
국가등록문화재,서울 흥천사 대방,127.009229853697,37.5982563303857
국가등록문화재,서울 경기상업고등학교 본관 및 청송관,126.969718308624,37.5887779956363
국가등록문화재,서울 기상관측소,126.966205500725,37.571394330737
국가등록문화재,서울 구 공간사옥,126.988337570953,37.5777565876337
국가등록문화재,서울 성북동 한국순교복자성직수도회 구 본원,126.995361,37.594707
국가등록문화재,서울 남대문로 2층 한옥 상가,126.977008512694,37.5609713023701
국가등록문화재,서울 배화학원 캐롤라이나관,126.96782357349,37.5787981739243
국가등록문화재,서울 배화여자고등학교 캠벨기념관,126.966887901667,37.5785259960328
국가등록문화재,서울 해병대사령부 초대교회,126.982936751137,37.5429826413396
국가등록문화재,서울 이화여자대학교 토마스홀,126.947672652377,37.5615511145551
국가등록문화재,서울 앨버트 테일러 가옥(딜쿠샤),126.963479348013,37.5730360112231
국가등록문화재,망우 독립유공자 묘역 - 서광조 묘소,127.103833836144,37.5814446121325
국가등록문화재,망우 독립유공자 묘역 - 서동일 묘소,127.108560771224,37.5976095050445
국가등록문화재,망우 독립유공자 묘역 - 오재영 묘소,127.110150772085,37.5953524752075
국가등록문화재,서울 동국대학교 구 본관(석조관),126.999942284083,37.5576806179293
국가등록문화재,서울 경희대학교 본관,127.051703,37.597145
국가등록문화재,서울 구 공군사관학교 교회,126.923113641054,37.4937907782345
국가등록문화재,서울 한양대학교 구 본관,127.044736,37.555998
국가등록문화재,서울 보화각,126.996852,37.593643
국가등록문화재,서울 연세대학교 핀슨관,126.937195,37.565432
